City,Lat,Lng,Max Temperature,Humidity,Cloudiness,Windspeed,Country,Date
Nanortalik,52.900587217451005,-36.45826053359286,52.18,66,98,14.74,GL,1595369392
Baykit,62.40503281887629,96.82218518330069,54.75,71,100,1.95,RU,1595369392
Clyde River,72.83906925466763,-73.05725667522027,44.6,93,90,6.93,CA,1595369392
Punta Arenas,-85.25219887482334,-114.3470333789934,28.4,86,13,4.7,CL,1595369392
Beira,-21.405820308041157,36.71140450218721,69.8,77,3,9.17,MZ,1595369392
Mayumba,-3.9973837531849767,9.440498090189664,70.72,91,1,6.17,GA,1595369392
Lompoc,26.667114439642006,-129.9772308810033,68.0,68,68,19.46,US,1595369137
Chicama,-14.014262882206282,-89.31751458782036,67.57,66,58,8.79,PE,1595369393
Port Lincoln,-41.20821058605531,134.96050025940042,49.08,73,10,5.95,AU,1595369131
East London,-87.38316657414995,60.91025401197828,65.19,29,0,7.0,ZA,1595369393
Carnarvon,-20.808482765352863,99.96155019055294,57.2,100,0,8.05,AU,1595369097
Aksha,49.334764386369585,112.98898665438742,59.54,75,92,1.3,RU,1595369393
Kapaa,37.288041866960455,-156.40471562214177,82.4,69,40,16.11,US,1595369393
Mehamn,80.92882363833013,26.821468855514894,50.0,100,40,4.7,NO,1595369393
Hobart,-62.89826734205734,152.44859876960442,46.0,70,75,10.29,AU,1595369389
Haines Junction,58.30104216600432,-138.28494664781104,64.87,57,78,2.77,CA,1595369124
Ushuaia,-61.65579797053291,-70.96828936586249,33.8,87,39,4.7,AR,1595369238
Inuvik,65.97756712275154,-130.88415853474987,48.2,61,75,5.82,CA,1595369394
Bambous Virieux,-38.872295256661864,79.52740685425084,69.8,64,75,14.99,MU,1595369394
Saskylakh,68.26522981006158,117.15280546029231,46.22,87,100,16.78,RU,1595369394
Georgetown,-11.537240255987768,-20.626318125075954,77.0,94,40,4.7,MY,1595369242
Raudeberg,64.80301053287002,3.6371399632984662,51.8,81,75,12.75,NO,1595369394
Beloha,-31.361063997048774,40.36652964186183,61.36,69,19,9.73,MG,1595369395
Busselton,-43.60015231922397,91.89367418856841,50.0,81,3,12.95,AU,1595369385
Doka,12.293173607669871,35.521943965994865,71.33,89,96,7.63,SD,1595369395
Yerbogachen,64.7984521755551,106.21270639263781,54.99,91,100,5.46,RU,1595369395
Saint-Philippe,-66.03046742332154,69.58745414093937,64.0,77,75,8.05,RE,1595369396
Caucaia,-2.0638182725521403,-37.33828105538316,80.6,74,53,11.41,BR,1595369396
Petropavlovsk-Kamchatskiy,52.0206412086504,159.27132604289108,59.0,72,12,11.18,RU,1595369396
Shelburne,38.825652991829884,-63.065041792423045,78.01,50,75,3.36,CA,1595369396
Chokurdakh,88.13466526737227,156.8676598234103,76.12,40,100,13.02,RU,1595369396
Faya,19.71770340411183,16.465058974678726,69.8,82,94,5.59,SA,1595369396
Magadan,54.55123614772171,149.69010961415484,58.41,71,100,5.23,RU,1595369396
Vaini,-84.60941051844007,-177.26820617058993,73.4,69,20,3.13,TO,1595369396
Souillac,-50.802107576406,74.11080180781505,69.8,64,75,14.99,MU,1595369115
Kahului,33.7332090786996,-149.6442638922539,87.8,52,20,13.87,US,1595369397
Monteagudo,-19.602838977602346,-64.20538240041485,71.69,52,93,2.53,BO,1595369397
Umba,66.24410425061325,34.015865999708325,56.57,80,82,4.54,RU,1595369397
Aklavik,73.89710595909582,-138.13933161612994,46.4,81,90,5.82,CA,1595369397
Jacareacanga,-6.4788522351468885,-57.57150879970743,82.04,51,27,0.89,BR,1595369397
Altukhovo,52.872765069397275,34.287503531314655,60.17,94,81,8.34,RU,1595369398
Pangnirtung,68.76845422354305,-61.00265292218431,50.0,100,90,4.94,CA,1595369398
Jamestown,-44.573536281693016,-14.675925715971971,80.01,69,1,3.36,US,1595369208
Salamiyah,34.30609694415965,37.99608708803635,69.96,60,0,8.9,SY,1595369398
Paita,-7.139836072592004,-86.50708984287373,65.48,77,97,15.95,PE,1595369398
Chuy,-69.20420072777594,-18.20656917214643,65.71,84,100,7.18,UY,1595369259
Castro,-49.86352567354228,-86.74998802973687,59.16,81,1,3.62,BR,1595369398
Puerto Ayora,-20.520471344048772,-107.77344161445741,78.8,61,75,18.34,EC,1595369399
Solnechnyy,58.585237515009936,137.7334645763031,63.43,92,88,4.68,RU,1595369399
Axim,-4.975942195826519,-3.6239979054792855,75.97,90,93,9.04,GH,1595369399
Thompson,71.2983471672467,-89.65699026387185,80.6,32,75,14.99,CA,1595369399
Hilo,4.888076766712473,-164.94066134113513,84.2,62,20,9.17,US,1595369399
Lebu,-34.67716749451004,-97.91336027035663,51.15,84,98,8.3,CL,1595369399
Bluff,-89.16969787761064,167.20367294492905,39.0,83,99,3.0,NZ,1595369399
Upernavik,78.40014435022326,-59.17497592597496,49.19,59,99,4.21,GL,1595369400
Mataura,-65.97235187674698,-157.51555174197006,39.0,83,93,3.0,NZ,1595369400
Hermanus,-71.64767135677101,-1.5642254131758193,46.99,96,0,3.4,ZA,1595369400
Cape Town,-56.855785960466314,-14.07146175276037,50.0,100,0,3.36,ZA,1595369227
Los Llanos De Aridane,29.8479346861362,-20.053972417912746,73.4,69,90,13.87,ES,1595369400
Atambua,-8.331422474150429,125.86888772847743,66.92,89,96,5.93,ID,1595369155
Prince Rupert,49.49033293793869,-134.2871342847204,57.2,87,90,6.93,CA,1595369400
Atuona,-6.006600543669833,-131.29181057015842,79.38,74,1,16.91,PF,1595369401
Luganville,-15.185345329172335,166.00952777329854,77.0,69,40,5.82,VU,1595369401
Bogatoye,53.04054298536775,51.18479109457391,62.24,84,6,3.87,RU,1595369401
Constantine,34.982566046498675,6.515853408901222,78.8,36,20,2.24,DZ,1595369109
Butaritari,15.363970033485984,166.32339880881864,79.83,83,100,14.45,KI,1595369401
Santo Antonio Do Sudoeste,-26.268891328872954,-53.984053101288666,64.17,86,50,2.93,BR,1595369401
Cidreira,-53.14482112945691,-22.805327101780648,66.36,67,100,6.46,BR,1595369304
Trujillo,9.899480991471236,-70.54965077283904,64.36,76,70,8.79,PE,1595369402
Sitka,46.01222190715572,-139.56977710602712,57.2,87,75,6.93,US,1595369402
Harper,0.4834178774537321,-7.280342441706523,76.06,88,88,10.16,LR,1595369346
Mnogovershinnyy,54.46024642827882,139.06212492674837,52.41,100,100,3.91,RU,1595369403
Ribeira Grande,34.793433449356385,-31.0221306752953,69.76,73,24,3.47,PT,1595369403
Albany,-80.71237417426052,110.88987774157516,84.99,46,3,7.54,US,1595369288
Urucara,-2.363729948112592,-58.215849546838044,82.63,61,74,2.35,BR,1595369403
Provideniya,49.103009774916984,-177.8799152796603,48.2,81,75,4.47,RU,1595369403
Gamba,-8.203920907933906,2.9732177353283475,71.4,90,9,6.8,GA,1595369404
Chumikan,54.216019600698615,135.1466159564892,51.51,92,100,11.9,RU,1595369404
Luderitz,-28.104048207926816,4.833018147511552,68.0,37,0,9.17,NA,1595369108
Leningradskiy,72.01015916438325,175.50598157221685,51.87,56,99,10.45,RU,1595369404
Kaoma,-15.195747870378725,24.602392933360875,52.99,66,19,6.46,ZM,1595369404
Morgan City,27.67895763868168,-91.7787127208946,89.6,70,20,12.75,US,1595369405
Victoria,-4.648089153315951,61.331253902574474,82.0,88,2,5.01,HK,1595369270
Arlit,22.122809297576836,5.14002537855464,95.0,26,1,1.99,NE,1595369405
Barrow,81.7883729688842,-147.16152928029925,33.8,80,90,8.05,US,1595369406
Qaanaaq,81.87052480500662,-76.3371208920079,48.07,59,37,5.57,GL,1595369406
Lusambo,-4.416916020699361,23.120401848696332,71.1,40,0,1.16,CD,1595369406
New Norfolk,-70.60028291316486,135.1337306303339,46.0,79,100,1.99,AU,1595369406
Komsomolskiy,67.8369583054816,175.19519304404247,71.6,43,0,9.17,UZ,1595369406
Circleville,39.652823964505075,-83.05020322321297,90.0,43,1,10.29,US,1595369406
Koumac,-24.28764971520245,159.34385570512086,69.75,56,0,5.66,NC,1595369406
Katsuura,25.12552160225863,151.734627751493,78.01,91,84,1.99,JP,1595369345
Pisco,-23.118643266054093,-96.46795051721215,64.99,77,5,11.41,PE,1595369407
Bredasdorp,-88.81530891782592,23.655972338203128,51.8,93,0,4.7,ZA,1595369407
Ancud,-40.41095211671292,-94.44540881139704,48.2,76,100,3.36,CL,1595369407
Kijang,-0.2050598044101548,105.77854690361329,73.4,88,90,2.24,KR,1595369407
Hamilton,27.385905896315677,-61.99936811367276,93.99,52,20,6.93,US,1595369408
Constitucion,19.81331124672967,-117.92597537930277,51.91,80,97,9.73,CL,1595369408
Kharp,69.52982515888178,66.45501074161635,53.94,79,50,0.98,RU,1595369408
Arraial Do Cabo,-32.12976762156642,-29.526280028769037,71.6,88,0,8.05,BR,1595369408
Necochea,-46.58037645622909,-55.90239074130862,50.0,97,100,15.01,AR,1595369114
Chapais,49.64739477663741,-73.60876371533669,69.8,46,1,13.87,CA,1595369408
Burriana,39.918167025669845,0.40523015794644834,75.99,74,10,2.1,ES,1595369409
Hami,39.53425451883538,93.14899972191665,73.09,46,21,9.75,CN,1595369409
Bilibino,66.3703211643998,164.2335791604748,71.17,33,92,3.85,RU,1595369121
Fernley,40.44792306419944,-119.46798051066054,98.6,11,40,12.75,US,1595369409
Grand Gaube,-14.302842754442082,62.85842930017904,68.0,65,64,3.0,MU,1595369139
Krasnoselkup,62.45883581068614,81.5545497044767,47.37,81,79,15.1,RU,1595369409
Leh,35.77746162060407,81.5571912136835,49.96,55,50,6.69,IN,1595369141
Coihaique,-49.14022347981424,-78.64985174667616,37.4,64,75,9.17,CL,1595369410
Oktyabrskiy,52.398308701942,154.828305084021,59.9,85,4,2.3,RU,1595369410
Port-Gentil,-2.997079417218046,1.0226757386628549,75.2,94,20,8.46,GA,1595369410
Ronne,55.60647930474232,14.89204341053724,60.8,67,0,6.93,DK,1595369410
Sapele,5.794542859598266,5.426315965425971,73.26,96,100,3.4,NG,1595369410
Bubaque,3.3271091165880335,-23.605974139526097,79.36,79,100,7.0,GW,1595369410
Kaitangata,-65.84086867631696,176.7242140911721,45.0,67,25,10.0,NZ,1595369411
Jacmel,17.16535019831869,-72.5031011702672,91.4,55,40,10.29,HT,1595369411
Khash,27.594822073616612,61.18624607991376,68.2,90,0,4.56,IR,1595369411
Pochutla,13.910764939781672,-95.39334780069689,87.01,66,75,9.17,MX,1595369411
Worland,44.027308454097636,-108.18523907672525,91.99,19,1,4.27,US,1595369411
Tasiilaq,68.09328294843934,-34.866811492131575,48.2,70,96,8.05,GL,1595369411
Taoudenni,23.94716289258261,-2.8859796135083116,104.41,9,0,14.43,ML,1595369412
Manicore,-7.3244701328358275,-61.50600248304396,87.8,58,0,2.24,BR,1595369412
Bathsheba,16.93941565808653,-52.33571714637965,84.2,70,40,20.8,BB,1595369155
Rexburg,44.18172686903361,-112.10731784039322,87.01,23,1,13.87,US,1595369412
Shipitsyno,61.228410544294746,46.304791253892034,57.92,88,83,6.17,RU,1595369412
Dikson,84.6791190227986,84.42478171010856,39.79,93,100,9.24,RU,1595369412
Rikitea,-26.400950839316316,-125.26954927428713,65.93,64,74,18.84,PF,1595369413
Koulikoro,12.537213498142265,-6.859781124826583,83.91,57,14,7.56,ML,1595369413
Vardo,88.06930192846107,37.15913362071237,53.6,93,77,4.7,NO,1595369413
Mahebourg,-46.30955396651992,75.25638458423109,69.8,64,75,14.99,MU,1595369413
Kavieng,1.6513897634138033,153.36597522975848,82.96,73,4,6.15,PG,1595369413
Hithadhoo,-6.636498588985745,66.57635330893115,83.88,72,80,5.55,MV,1595369413
Saldanha,-32.31442969701509,17.50734192829978,53.6,93,0,5.82,ZA,1595369414
San Quintin,21.416386628852408,-127.33390738779659,72.03,67,10,17.43,MX,1595369146
Bengkulu,-15.996666978522825,91.53961673811926,76.33,88,93,7.02,ID,1595369414
Kawalu,-11.262551874342165,107.35078092715707,70.54,92,77,1.1,ID,1595369414
Sri Aman,0.4895358410831534,112.49736114843432,77.0,94,100,0.54,MY,1595369414
Lovozero,67.89440902458477,34.986093249469036,58.08,69,92,4.43,RU,1595369414
Yellowknife,85.29888462304186,-99.06607494586864,77.0,60,75,13.87,CA,1595369415
Norman Wells,67.72151887912304,-124.78701307734885,55.4,82,90,14.99,CA,1595369415
Biak,-2.052689674430738,135.87264963177915,76.32,82,42,7.27,ID,1595369415
Nikolskoye,35.48300458799778,175.64989222806418,64.0,82,40,8.95,RU,1595369415
Itarema,2.7033605939315635,-38.33597610853187,78.87,74,92,12.93,BR,1595369415
Tiksi,77.57221901271737,122.06057597457061,49.12,88,97,3.2,RU,1595369415
Hondo,29.18945284961964,-99.3755440134623,78.8,94,75,5.82,JP,1595369416
Antalaha,-15.309404295575149,50.44861334116055,67.03,80,23,10.56,MG,1595369416
Maniitsoq,62.68424355906515,-57.330298520134974,51.28,78,94,5.57,GL,1595369416
Khatanga,71.41158307041502,99.57340831722178,55.6,63,43,11.01,RU,1595369416
Teahupoo,-19.176417350449768,-148.52118690656036,82.4,69,20,9.17,PF,1595369416
Ponta Do Sol,18.53648221543385,-34.300740968172335,71.6,68,20,12.75,PT,1595369416
Bethel,59.59431420058948,-158.05773760073123,89.01,45,1,8.05,US,1595369416
Kalmunai,7.229392189543361,87.38333078087368,80.71,79,100,9.44,LK,1595369346
Touros,-4.0272567232307495,-32.7859979451637,75.2,78,75,5.82,BR,1595369417
Alihe,49.865445408426154,122.61274121200637,59.49,60,80,1.99,CN,1595369417
Ellensburg,47.02185165608489,-120.61173012255335,95.0,19,1,19.46,US,1595369417
Alyangula,-16.521547228293343,137.63339186502935,57.2,93,96,11.34,AU,1595369417
Cabedelo,-5.488374442591493,-29.558014230757493,75.2,78,20,8.05,BR,1595369418
Puga,21.941588955513552,-104.2979766299829,86.0,51,40,9.17,MX,1595369418
Kumertau,52.87588934712471,55.81073256012087,62.98,76,99,4.34,RU,1595369418
Roald,69.71028063920619,1.8882404580309071,50.0,81,100,10.29,NO,1595369418
Zajecar,44.0797121422641,22.290752146284433,64.99,91,0,3.91,RS,1595369418
Jaleswar,21.89220614987542,87.30287975181187,79.56,88,98,5.32,NP,1595369416
Santa Fe,20.03912925627091,-83.53405187077152,63.0,79,100,5.99,AR,1595369199
Sarkand,44.983772137049925,80.0515943893879,63.81,55,24,6.17,KZ,1595369418
Airai,11.630428182109,138.03254837307486,53.89,98,83,3.83,TL,1595369419
Dovolnoye,54.50342828534286,79.73308560801661,52.68,93,0,6.8,RU,1595369419
Novo Aripuana,-4.294796021952763,-60.72940028801949,82.67,57,5,1.97,BR,1595369419
Tezu,28.42322406972798,96.19004429315862,75.06,87,100,2.01,IN,1595369419
Longyearbyen,89.50236648642758,20.189661477532525,50.0,81,75,4.7,SJ,1595369419
Alexandria,32.45176994290452,28.706694165468434,78.8,74,0,13.87,EG,1595369420
Puerto Colombia,12.772102246282017,-76.85591612078724,75.2,100,75,4.7,CO,1595369420
Sambava,-12.387108016450497,54.22672911650071,68.95,77,14,14.97,MG,1595369420
Ternate,1.0211868401405155,127.21884699837494,80.35,76,61,5.46,ID,1595369420
Kutum,18.319351632396533,24.978142939063588,78.37,51,65,5.32,SD,1595369420
Egvekinot,63.51102206298302,-178.60910184778672,51.33,55,74,2.89,RU,1595369420
Buerarema,-15.204223407796547,-39.40056783935299,64.27,89,0,2.48,BR,1595369420
Severo-Kurilsk,50.2393041566863,154.99283288275473,51.64,83,25,8.97,RU,1595369421
Labuhan,-20.124600744099723,93.88134424514601,77.4,88,89,8.19,ID,1595369421
San Bartolome De Tirajana,27.49623283425322,-15.996427560406943,73.4,69,20,28.86,ES,1595369421
Lagoa,51.71497826955715,-28.925763956293224,69.44,76,0,4.45,PT,1595369421
Nome,59.98547096937034,-168.8548565037315,55.99,76,20,12.75,US,1595369421
Kodiak,57.53630890213975,-150.59385025581818,73.4,40,1,12.75,US,1595369421
Talant,47.40125734366279,4.625751151420417,73.4,38,98,6.93,FR,1595369421
Tuktoyaktuk,83.43971703472135,-142.39158339189956,42.8,75,90,5.82,CA,1595369422
Yulara,-25.297111704836,125.00930744957788,44.6,81,20,6.93,AU,1595369422
Kruisfontein,-75.81171078321054,27.92545777979447,57.79,39,0,7.05,ZA,1595369422
Byron Bay,-29.270190977723345,159.71134779701111,53.6,81,90,9.17,AU,1595369422
Ilulissat,72.25354091777174,-48.26630549711453,51.8,53,98,3.36,GL,1595369422
Great Bend,38.28301268953334,-98.9590163812383,91.0,58,1,3.36,US,1595369383
Vila,-16.081646764120194,170.63934420190338,77.0,69,55,3.36,PT,1595369130
Alta,69.70851074417769,23.88624504629587,55.4,87,90,14.99,NO,1595369423
Nouadhibou,20.72830734843184,-16.966307208314504,75.2,73,0,10.29,MR,1595369423
Mae Hong Son,19.21172443232976,98.36520520722291,72.43,88,100,1.03,TH,1595369423
Mpulungu,-8.282124902203307,30.53095976652969,72.07,49,6,7.96,ZM,1595369423
Victor Harbor,-38.45241234661564,137.17306195868025,46.99,92,77,1.3,AU,1595369423
Esparta,9.964803308102859,-84.63710280939223,87.8,74,20,9.17,HN,1595369424
Strathmore,51.165573451840004,-113.28042007036609,75.0,66,76,3.0,CA,1595369424
Novikovo,47.43805160390801,145.01586298521113,62.62,86,95,6.51,RU,1595369424
Acari,-19.292567819681963,-76.54953819851971,67.3,54,2,7.02,PE,1595369424
Along,29.940756004951126,93.85707418726804,73.38,90,100,1.7,IN,1595369424
Guerrero Negro,17.720531115834277,-124.42517269243514,75.97,57,10,18.25,MX,1595369424
Benguela,-11.349386059262244,8.747434101368725,68.47,81,0,5.39,AO,1595369424
Silopi,37.24289940000912,42.827956655395326,81.21,15,0,2.21,TR,1595369424
Belyy Yar,61.70865772419802,84.8772035694538,62.6,88,53,6.71,RU,1595369425
Port Alfred,-61.46639048162763,36.96048333056822,67.95,26,0,8.99,ZA,1595369425
Am Timan,11.355453612404887,20.404900327818552,74.66,87,45,5.3,TD,1595369425
Oros,-6.099219112339739,-38.791696513229596,76.69,35,32,2.37,BR,1595369160
Muisne,0.9649231983178339,-80.76736805595102,74.93,84,96,10.13,EC,1595369425
Corner Brook,49.212610692916826,-58.22910142261317,73.4,56,20,8.05,CA,1595369425
Prince Albert,53.057524006891896,-106.01164077839763,77.0,47,75,8.05,CA,1595369318
Cabo San Lucas,12.19006637215152,-118.08279921450865,93.2,48,20,19.46,MX,1595369295
Tianpeng,31.877452707392777,103.74367004122047,71.6,78,40,2.89,CN,1595369426
Avarua,-45.79261183746412,-161.4158466869165,78.8,78,64,19.46,CK,1595369299
Shu,44.47254575839952,74.54005693167474,80.01,54,33,5.99,KZ,1595369426
Pevek,83.53532834185285,169.85270957346359,50.14,57,100,2.84,RU,1595369426
Bridgetown,12.725744329339378,-60.13920884091266,84.2,70,40,20.8,BB,1595369192
San Patricio,7.1307937967190185,-110.09118377467856,91.4,70,40,23.04,MX,1595369427
Viedma,-41.52076207433884,-61.88108005625047,46.99,86,100,5.01,AR,1595369427
Zhezkazgan,48.05697694187194,66.94184139722248,70.9,60,55,3.33,KZ,1595369427
Chermoz,58.887290967370774,56.47126678380215,61.23,75,72,11.34,RU,1595369427
Pokaran,26.61501175800089,71.53297417858039,86.92,59,97,16.58,IN,1595369427
Poum,-18.847119712181595,159.78844094070206,69.12,63,2,8.41,NC,1595369427
Porto Velho,-8.718410923705775,-64.98764818296823,93.2,32,40,5.82,BR,1595369128
Makakilo City,16.382741146000726,-160.810519058482,84.2,58,75,4.7,US,1595369428
Tonj,7.588730802014851,29.375390689312667,71.29,94,98,3.51,SS,1595369428
Mwinilunga,-10.778082884096108,24.984334981719257,52.83,56,0,4.12,ZM,1595369428
Liwale,-9.27369241751309,38.292151038054016,65.95,63,85,2.21,TZ,1595369428
Bandarbeyla,6.032519046536876,59.81602915037209,76.64,79,0,33.98,SO,1595369428
Cayenne,16.944159830888637,-43.402539975473246,78.8,83,75,5.82,GF,1595369428
Vicuna,-29.754252560188483,-69.29005509538715,57.2,82,75,11.41,CL,1595369429
Skibbereen,48.78065135499554,-10.135358187948839,57.2,82,75,6.93,IE,1595369429
Matara,-0.1984462491554666,81.93359315250137,78.21,89,100,4.34,LK,1595369429
Saint George,32.37270920672053,-54.59606801056334,93.99,24,40,19.46,US,1595369218
Hattiesburg,30.992649105611804,-89.33287760531056,87.8,78,1,7.61,US,1595369176
Watsa,3.4558162989289656,28.937145143040226,64.63,98,96,2.06,CD,1595369429
Penzance,48.96843724845479,-6.464750705349701,60.01,82,93,5.82,GB,1595369430
Brae,63.6196042666503,1.133931216850499,48.2,87,4,3.36,GB,1595369430
Xuddur,6.329288147984826,44.04200267767524,71.55,75,41,20.54,SO,1595369430
Simao,23.609721844430965,101.12688539670563,66.0,96,100,2.08,CN,1595369430
Toktogul,41.37534180601472,73.12747475098826,61.32,57,14,1.1,KG,1595369430
Tucumcari,35.038500358471026,-103.87294480551553,89.6,38,1,8.05,US,1595369430
Okha,55.31846179628448,146.6921539317646,52.93,87,100,14.03,RU,1595369430
Cape Coast,1.51838883100325,0.07519106186271074,75.51,91,87,9.8,GH,1595369430
Bowen,-16.62384985683329,153.12979951043394,68.0,88,90,10.29,AU,1595369431
Amapa,3.216234818755325,-50.20357219951353,73.9,95,43,0.54,BR,1595369431
Arica,-19.46060871732152,-71.89594789942014,62.6,77,75,12.75,CL,1595369431
Havoysund,76.28347628262034,23.517396703630766,50.0,100,75,9.17,NO,1595369431
Karlskrona,55.37135207881491,16.12674205010066,55.4,76,0,6.93,SE,1595369358
Puerto Madero,14.548005158862367,-92.56943943185759,87.8,62,75,9.17,MX,1595369432
Sao Joao Da Barra,-27.05183347712388,-32.241122060336096,73.4,83,0,11.41,BR,1595369432
Changying,34.199254023799384,114.36251018547108,59.09,59,27,5.88,CN,1595369432
Faanui,-12.307694583228965,-151.03924428356086,77.2,81,42,23.47,PF,1595369432
Tura,62.76446575417046,99.47767867528421,74.08,99,100,5.3,IN,1595369432
Bairiki,0.9855148904233317,169.02129520329413,80.6,88,75,9.17,KI,1595369432
Tarauaca,-8.68752729653231,-71.1052634166911,84.06,62,75,2.13,BR,1595369432
Vestmannaeyjar,59.78217364670391,-17.08675243477751,51.89,83,100,8.59,IS,1595369432
Alcudia,40.5243959594103,3.51078346106641,77.0,57,0,4.7,ES,1595369433
Lavrentiya,74.60810358334825,-168.2655483452528,48.85,64,64,2.82,RU,1595369433
Presidencia Roque Saenz Pena,-26.04689324159056,-59.78261580923892,80.6,45,100,6.8,AR,1595369433
Port Hedland,-23.296359044009918,118.95304564966102,57.2,67,0,8.05,AU,1595369433
Saint-Augustin,55.97692711329012,-58.092950164342085,75.29,45,25,10.25,CA,1595369433
Makokou,0.3221051190970172,13.429840816219695,70.05,93,1,1.43,GA,1595369434
Rosarito,30.260898305412553,-119.27335329012068,80.01,60,1,9.17,MX,1595369434
Srednekolymsk,71.45748739041119,156.91046959638038,78.33,31,19,17.81,RU,1595369434
Talaya,61.00232126746755,154.02063857310844,65.28,55,25,7.38,RU,1595369434
Diffa,13.396796709216147,14.015912082119968,86.65,45,29,7.7,NE,1595369434
Severnyy,70.12822759373717,64.97390521483732,68.0,72,67,8.95,RU,1595369434
Broome,-19.85788382941766,121.66658409853574,82.0,69,75,4.7,US,1595369434
Mar Del Plata,-52.10491831268747,-44.47872842733943,51.8,100,90,19.46,AR,1595369324
Tautira,-17.54748394195562,-146.5127200180582,82.4,69,20,9.17,PF,1595369435
Nioki,-3.2116767524822194,18.356043480915815,77.97,56,0,2.08,CD,1595369435
Hasaki,24.838317713930877,158.74056450841732,75.2,100,75,5.82,JP,1595369435
Gambo,4.568421113905501,22.337727185393163,69.57,93,95,1.99,CF,1595369436
Kangaatsiaq,68.89274328366986,-57.06627479125514,47.84,79,100,2.66,GL,1595369436
El Paujil,1.564664553079595,-75.21593524072924,81.9,76,13,1.36,CO,1595369436
Sinjar,36.60822517796234,41.613543411594236,80.73,31,0,5.19,IQ,1595369436
Cockburn Town,27.062587229906427,-73.82419721859483,87.8,62,40,13.87,TC,1595369436
Zhigansk,73.28358181674986,121.6673049543424,56.35,93,100,22.86,RU,1595369436
Asfi,34.680575390494255,-11.736892497219543,69.76,88,0,8.63,MA,1595369437
Kirakira,-14.611219322832127,162.4092248689447,79.9,73,19,7.47,SB,1595369437
Namatanai,2.9854186160629013,156.78446588868428,81.14,80,40,6.49,PG,1595369437
Shirokiy,65.03969069284972,148.57439364079335,61.61,74,1,9.95,RU,1595369437
Morehead,-10.704365414113795,141.45202158804494,93.2,59,1,3.36,US,1595369437
Staryy Nadym,66.07321673728691,72.8659956130079,45.41,76,1,8.59,RU,1595369437
Logon,11.510567090129982,124.086212345675,81.81,76,78,4.85,PH,1595369438
Martin,36.098136812511356,-88.70040565801978,84.99,92,100,4.36,US,1595369438
Tigil,59.44023097961107,157.5850379466541,57.9,55,0,5.41,RU,1595369438
Eregli,37.21645484358838,33.96744730031696,72.16,44,0,6.53,TR,1595369438
Xining,34.39138740890776,99.45924460339575,51.62,72,0,2.68,CN,1595369438
Zakamensk,50.742215019087666,102.58890736673095,57.88,81,98,1.68,RU,1595369439
Port Elizabeth,-80.41949984193192,34.440528130294496,48.2,81,0,6.93,ZA,1595369439
Isangel,-21.07772754989871,171.9849321503347,71.6,78,20,5.82,VU,1595369439
Liverpool,43.45712002046446,-63.97320727712278,57.99,87,40,4.7,GB,1595369380
Samfya,-11.230226905432573,29.706030865160272,59.13,61,0,9.19,ZM,1595369439
Vila Franca Do Campo,45.584002142330434,-19.84114865133884,66.2,77,20,3.36,PT,1595369439
Kirn,49.999487279160604,7.423762705351834,59.0,54,0,6.93,DE,1595369439
Tarnowskie Gory,50.422389651336914,18.83508610331964,64.99,93,7,1.12,PL,1595369440
Annaberg-Buchholz,50.65478068168002,12.98805762574662,54.0,84,3,1.99,DE,1595369440
Micheweni,-5.61249767395212,44.42066305175166,76.96,76,89,17.0,TZ,1595369440
Champerico,9.48436669198604,-95.01205392675136,87.8,70,75,6.93,GT,1595369440
Imbituba,-30.305559819951426,-43.98960251695763,73.4,56,39,5.82,BR,1595369440
Rudsar,37.357662289621715,50.40553786492592,80.6,74,0,2.24,IR,1595369440
San Jose,6.8627117198422525,-93.39484080437957,79.0,50,75,11.41,US,1595369418
Lorengau,10.743606633649947,148.998502254681,83.48,70,32,6.55,PG,1595369441
Manbij,35.314242903893074,39.04253023913694,86.0,35,0,23.04,SY,1595369441
Miles City,47.09198006357627,-106.54115771005918,87.8,23,1,10.29,US,1595369441
High Level,59.50236211779358,-118.82476921577873,71.6,68,75,2.24,CA,1595369441
Baghdad,32.97041792414893,45.11618930337161,91.4,21,0,3.36,IQ,1595369441
Noumea,-29.634990923303505,163.4711807238633,69.01,93,75,3.36,NC,1595369178
Igurusi,-8.453413192338672,33.93217671466758,58.08,69,33,4.54,TZ,1595369442
Codrington,21.12596162307159,-51.39548588534987,49.3,80,100,6.4,AU,1595369442
Korla,38.29022204357145,84.60325478138111,78.01,80,28,1.01,CN,1595369442
Grindavik,56.11361115818812,-29.234458211935504,50.0,71,75,4.7,IS,1595369442
Ambovombe,-32.99644476275002,47.572709398005486,64.78,70,19,14.5,MG,1595369442
Toma,12.813123707098129,-4.49246746274855,83.03,61,47,5.53,BF,1595369443
Narsaq,83.87856188658901,-64.00842116947452,62.6,36,41,9.17,GL,1595369443
Alofi,-23.632655417133023,-167.0076269746624,78.8,88,68,6.93,NU,1595369443
Ridgecrest,36.434311223063716,-117.84563199607967,107.6,6,75,16.11,US,1595369444
Sao Filipe,7.746614231302232,-24.22480938150497,77.52,78,64,3.38,CV,1595369444
Mabaruma,10.04735131425143,-59.056839301817845,77.63,90,99,3.78,GY,1595369444
Pizarro,2.386059584115941,-79.95515781878566,79.45,85,99,6.6,CO,1595369444
Laguna,-32.7188231716214,-40.69950571773552,84.2,44,1,8.05,US,1595369423
Kloulklubed,4.334473609548354,135.86982198955957,78.8,88,90,5.82,PW,1595369444
Jingdezhen,28.948842738625274,116.9178946349403,75.94,91,40,2.62,CN,1595369444
Itacoatiara,-2.2794530056236937,-58.841937010731186,87.8,66,40,2.24,BR,1595369445
Kudahuvadhoo,2.0574000923685247,64.65497233555485,84.02,72,92,11.27,MV,1595369283
Verkhnevilyuysk,66.51798883567838,119.7299726264742,61.77,90,6,7.81,RU,1595369445
Sanary-Sur-Mer,41.61966215372328,5.4317651157194575,77.0,79,0,1.99,FR,1595369445
Babati,-4.3384909365336455,36.03747360444953,57.04,86,48,2.42,TZ,1595369445
Tabuk,28.573722390179398,35.60742885652607,74.66,86,96,2.28,PH,1595369445
Jaciara,-16.045144468144144,-55.41323715631998,76.17,35,0,3.22,BR,1595369443
Krasnoye,54.8769617510782,84.931039828807,57.2,93,22,5.75,UA,1595369446
Eureka,40.55268848004141,-137.1987401959226,71.01,72,1,6.93,US,1595369446
Edd,14.106696358616063,40.70508576454506,90.39,49,100,7.23,ER,1595369446
Quarai,-30.218014922612987,-56.43561924750928,69.64,81,100,9.37,BR,1595369446
Broken Hill,-30.129477058987632,144.9618858991526,35.6,93,89,3.36,AU,1595369446
Koszalin,54.42695209472399,15.930146893430987,63.0,63,5,10.4,PL,1595369240
Vila Velha,-24.597672784961375,-30.39512020904536,75.99,83,40,13.87,BR,1595369215
Impfondo,2.1320729517006356,18.446905670197623,73.26,69,12,1.16,CG,1595369447
Sola,-12.529488050249043,169.55753549715945,78.8,65,20,4.7,VU,1595369447
Bikaner,28.41442226901215,73.208449046613,85.96,68,97,11.25,IN,1595369447
Leshukonskoye,67.02195951141275,47.34654893024327,58.06,77,0,5.28,RU,1595369447
Juigalpa,12.125804706196433,-85.57760877939617,93.2,49,40,4.7,NI,1595369447
Westport,56.711146236253,-16.517985633547596,90.0,52,20,13.87,US,1595369447
Mezen,65.57610181728961,44.15221176906576,59.4,77,1,6.44,RU,1595369448
Ust-Omchug,60.61073820061898,150.07995684950288,64.17,49,6,6.06,RU,1595369448
Boras,57.495792439913515,12.95212355503648,50.0,93,0,5.82,SE,1595369294
Iqaluit,59.03388213907388,-68.20363228104385,48.2,93,90,5.82,CA,1595369448
Beidao,34.74095767385231,105.61245533265088,63.43,84,71,2.01,CN,1595369448
Erzin,46.88054010495259,96.14529793780127,80.01,85,5,1.39,TR,1595369448
Husavik,76.6034279913894,-10.618613144367202,51.8,71,90,8.05,IS,1595369448
Fairbanks,66.78920838154886,-147.2165211395245,55.4,93,90,11.41,US,1595369203
Oranjestad,16.70167879196096,-64.11683675700769,87.8,70,20,20.8,AW,1595369426
Sao Miguel Do Araguaia,-13.665100545896337,-51.52365010552751,77.16,42,2,3.04,BR,1595369224
Vorontsovka,59.41509396811688,60.03929709377317,61.83,86,43,6.53,RU,1595369449
San Carlos Del Zulia,9.18339764844336,-71.80055168485839,88.0,68,100,5.39,VE,1595369449
Hobyo,4.009785253209287,49.54397235718238,76.89,78,84,25.5,SO,1595369450
Puerto Escondido,7.856952196722133,-101.20389415991644,86.0,62,75,6.93,MX,1595369450
Parana,-31.56204207304598,-60.00897752486125,63.0,82,100,1.01,AR,1595369150
Conde,-12.97429493714992,-35.486007766075204,75.2,78,20,8.05,BR,1595369450
Cherskiy,74.20988480069565,162.52637330866793,75.36,35,47,8.88,RU,1595369450
Carutapera,4.365611828445267,-43.43915425885865,76.01,91,58,5.53,BR,1595369450
Guanica,17.33482585086236,-67.000153169055,84.0,70,8,3.0,PR,1595369451
Mount Gambier,-52.426225679176454,131.45788455439924,46.4,93,90,5.82,AU,1595369451
Alekseyevsk,57.226284465786875,108.72454705216603,53.26,76,15,1.21,RU,1595369451
Sarahan,32.021249040715716,78.62659466951283,56.43,61,6,3.47,IN,1595369451
Vanavara,59.268669944263905,103.01470032024582,52.27,86,0,1.16,RU,1595369451
Gryazi,52.384046347145954,40.15225874230583,60.8,77,0,6.71,RU,1595369451
Altamont,42.517575652752754,-120.05798193488206,93.0,17,1,6.93,US,1595369451
Huilong,32.69713015402991,124.49574837831136,82.0,98,50,4.65,CN,1595369452
Talakan,51.284444376401666,130.52185258582625,64.76,70,5,4.81,RU,1595369452
Ribas Do Rio Pardo,-20.57841582458998,-53.86903831610228,75.43,31,0,4.94,BR,1595369452
Solano,0.1842729971675965,-75.29284097964057,84.2,47,20,24.16,US,1595369452
Kadhan,23.887896215025748,69.13648871553377,86.41,69,100,15.73,PK,1595369452
Umm Lajj,25.240440380787646,37.19986402080579,86.85,57,43,8.12,SA,1595369452
Miraflores,-0.9288441277976318,-72.31262200465768,78.8,26,40,6.93,MX,1595369453
Taguatinga,-12.893242008539715,-46.25371630336565,77.97,44,0,7.63,BR,1595369453
Roma,-25.86515375683676,145.2024398568417,81.0,51,1,5.82,US,1595369232
Yulin,22.673611385116786,110.02656646020546,75.58,93,77,3.31,CN,1595369453
Tahta,25.472866473486533,30.198177372757044,91.4,24,37,12.75,EG,1595369453
Acaponeta,22.609456769785567,-104.6495443568556,95.63,40,0,10.47,MX,1595369453
Naze,29.78633193463365,127.50636458176564,78.8,94,20,2.24,JP,1595369454
Namibe,-15.772544661258166,11.894388986226488,67.66,66,10,4.7,AO,1595369454
Bonavista,50.42895577163955,-48.650289601123575,67.6,70,84,12.46,CA,1595369454
Saint-Francois,19.862222233049067,-51.847509633310324,75.2,60,100,3.36,FR,1595369454
Rawson,-46.74671854922591,-61.98422709857965,43.59,72,100,20.13,AR,1595369454
Almazar,41.33989786434461,68.55673083752251,75.2,53,0,15.66,UZ,1595369454
Tuatapere,-53.42656918051399,161.00348777193676,39.0,83,77,3.0,NZ,1595369455
Coahuayana,0.6752720701483952,-112.88121068909064,86.0,70,75,11.41,MX,1595369455
Maarianhamina,58.79820192118797,19.988462105974264,48.2,100,100,2.24,AX,1595369455
Ola,57.70824269781227,153.83004656119618,59.58,67,99,1.86,RU,1595369455
Khailar,25.412024298305482,78.45181123689741,84.94,69,100,5.37,IN,1595369455
Dingle,50.067061204184796,-21.451710274022332,75.83,91,99,3.96,PH,1595369455
Mingrelskaya,44.978590107183436,38.28200506101592,66.0,97,0,2.91,RU,1595369455
Natal,-3.075509884709902,-28.400552531940974,77.0,73,40,10.29,BR,1595369258
Geraldton,-33.103405332860696,97.4160324850867,48.2,93,0,10.29,AU,1595369456
Coquimbo,-27.349228885152186,-87.79815889733389,57.2,82,75,11.41,CL,1595369357
Tamandare,-9.09702500141141,-34.128758987871834,75.38,74,16,10.18,BR,1595369456
Talnakh,69.07287661906301,89.79767393203815,50.0,93,40,26.84,RU,1595369456
Rio Grande,-34.44851775761178,-49.648997137509525,66.0,90,100,4.9,BR,1595369437
Severo-Yeniseyskiy,62.486742814482284,93.15458258881597,48.24,100,100,1.28,RU,1595369456
Bull Savanna,15.252597988683704,-78.83663885641805,82.45,74,29,13.09,JM,1595369457
Bodden Town,17.113852257276108,-80.46474134786737,84.0,88,90,5.82,KY,1595369312
Kununurra,-14.282437048573357,126.13359120360201,66.2,35,1,6.93,AU,1595369457
Belawan,4.200610591624923,98.69067454305036,77.0,100,40,3.36,ID,1595369457
Banepa,28.63177317113582,86.44808359642383,68.0,94,40,1.54,NP,1595369457
Richards Bay,-31.246376180073554,37.091033750838676,60.91,90,0,6.69,ZA,1595369457
Yar-Sale,69.19470258752074,73.16725970265367,45.79,74,26,2.89,RU,1595369457
Araouane,18.68121559178411,-5.114215483077118,97.79,29,6,17.4,ML,1595369458
Abu Dhabi,23.828265847972403,53.247245868927365,100.4,33,31,4.7,AE,1595369458
Port Hardy,45.70530014525207,-135.0333925070869,62.6,88,75,9.17,CA,1595369458
Caravelas,-18.708638246650324,-31.454061538813363,69.58,76,0,4.29,BR,1595369458
Porto Novo,13.698851362267519,-34.75466043610743,77.0,94,20,8.05,BJ,1595369458
Ostrovnoy,72.77604251753007,40.81153787995311,60.31,70,0,8.84,RU,1595369458
Marijampole,54.5012530818278,23.388227252670134,55.4,71,0,8.05,LT,1595369459
Northam,-30.030915996398583,119.4640371421574,55.0,92,7,1.99,GB,1595369459
Manta,-0.3566479203374797,-81.98884893738806,86.0,62,40,11.41,EC,1595369459
Mweka,-5.031549463778518,21.6998784793702,70.5,36,0,0.69,CD,1595369459
Aksarka,65.65847886743768,68.85328065613024,48.56,79,13,2.3,RU,1595369459
Pauini,-8.482881042302026,-66.26662758531131,83.52,46,2,1.57,BR,1595369459
Albemarle,35.21517923889617,-80.0233654906435,91.0,62,1,13.87,US,1595369460
Fort Nelson,64.16354457604535,-120.52316021812852,75.2,41,75,4.7,CA,1595369460
Fortuna,39.91472400559587,-136.63005669062892,71.01,77,20,14.99,US,1595369460
Pangai,-19.96157129645414,-172.0889949756674,78.8,65,20,4.7,TO,1595369460
Kandrian,-6.755830035562624,149.36650578104013,78.91,85,46,12.17,PG,1595369460
Biltine,15.412890896527472,19.47586073552543,86.04,53,48,9.48,TD,1595369460
Dhidhdhoo,8.49597051083326,71.48678061474587,83.3,74,100,19.42,MV,1595369461
Whitehorse,61.27294013420715,-132.97174388311078,62.6,55,75,5.82,CA,1595369461
Sept-Iles,50.73016024585786,-65.20218069318359,75.2,38,75,12.75,CA,1595369461
Dakar,14.140822099724048,-18.204138753086653,78.8,88,75,6.26,SN,1595369461
Kardla,59.063668671085196,22.671125716874002,61.0,77,47,10.0,EE,1595369461
Nara,16.77616654891287,-6.762893840803059,81.0,74,75,9.17,JP,1595369461
Newport,44.88642811229357,-126.10382761211487,60.01,74,25,4.0,GB,1595369239
Shar,49.22415377585992,81.34294453351555,65.28,85,41,6.44,KZ,1595369462
Thanh Hoa,19.59872147153105,104.98212571267698,78.73,92,2,2.75,VN,1595369326
Umm Bab,25.330724289131112,50.68977410383684,95.0,75,1,8.05,QA,1595369411
Bonthe,1.223818513743879,-19.714144125372883,76.62,87,100,5.46,SL,1595369462
Elko,40.79758846147632,-116.58994349167871,93.0,21,64,13.0,US,1595369462
Goderich,4.509085380484706,-16.995388347531843,71.01,75,19,6.33,CA,1595369462
Selinia,37.848530071041026,23.531900203897862,81.0,44,0,4.7,GR,1595369463
Baryatino,54.09227541983694,34.641705149669264,58.93,96,91,8.14,RU,1595369463
Ust-Barguzin,53.6838391714023,108.58063241265342,54.18,63,77,5.44,RU,1595369463
Resistencia,-27.292161131753915,-59.46755280823096,86.0,37,100,6.93,AR,1595369214
Pudozh,62.06632814501859,37.035260401891236,60.62,98,100,3.02,RU,1595369463
Ballina,-31.93718807807155,161.9009463510465,53.6,81,90,9.17,AU,1595369463
Falam,22.308091764336055,94.12619115897036,61.93,100,100,2.95,MM,1595369464
Sarh,8.820155878856028,18.298539600313603,77.0,83,82,2.73,TD,1595369464
Vanimo,-0.8821730627812059,140.44588987400283,78.48,86,48,5.75,PG,1595369464
Portree,57.04356900188324,-8.000873662908987,53.01,90,100,7.0,GB,1595369464
Anadyr,65.79682116464872,178.99642743493996,57.2,62,20,4.47,RU,1595369464
Guna,24.90637428277634,77.18502886882999,81.82,71,96,7.23,IN,1595369464
Fjerritslev,57.48972508725535,9.114829902403983,55.0,79,0,13.0,DK,1595369465
Trairi,6.633071932211038,-33.8670754755517,78.21,74,39,9.26,BR,1595369465
Luena,-13.84174378314728,19.70051495298165,53.02,52,0,4.29,AO,1595369465
Batticaloa,8.261201944785242,82.26022810130183,80.82,80,100,5.17,LK,1595369465
Yaan,30.879172953949336,100.17326362398734,72.86,94,65,7.87,NG,1595369465
Kapit,0.7848044969037886,114.0207784500816,73.47,95,74,0.98,MY,1595369465
Teya,61.13078300566909,92.42933940886974,51.55,92,100,1.12,RU,1595369465
Maragogi,-12.209505633134285,-31.693090138514037,75.07,75,1,10.16,BR,1595369210
Worthing,50.62552294086501,-0.25811135768492477,62.01,1,27,5.01,GB,1595369466
Oliveira Dos Brejinhos,-12.231461834663705,-42.46410408732601,76.37,43,71,9.48,BR,1595369466
Elban,49.82483071886472,136.11232413810507,66.49,93,73,6.44,RU,1595369466
Nemuro,39.296248317481826,149.92811807617113,59.76,98,100,13.29,JP,1595369466
Huicungo,-7.716733304110178,-76.66442025978094,82.09,68,15,2.06,PE,1595369466
Ilhabela,-27.651076211203083,-44.19156127167159,71.62,63,0,3.98,BR,1595369467
Quatre Cocos,-17.827071551103103,66.41995931190556,69.8,64,75,14.99,MU,1595369467
Praia Da Vitoria,40.214984844568534,-26.223100632696315,73.4,60,20,5.44,PT,1595369467
Westerland,54.61952596282575,7.503116485586162,57.2,71,3,9.17,DE,1595369467
Pekin,40.617872451465615,-89.73946582595485,84.0,76,0,3.91,CN,1595369467
Chaihe,44.76547387512517,129.63279105717152,62.51,72,0,1.7,CN,1595369468
Russell,-25.824030149424473,179.88865695989148,95.0,50,20,4.29,US,1595369468
Kargala,51.90390960423204,54.62140853109838,50.94,96,2,5.53,RU,1595369468
Kysyl-Syr,62.61208615538217,123.94717455830812,61.72,81,58,13.65,RU,1595369468
Ailigandi,10.129070677514918,-77.75292160307083,82.89,80,100,7.85,PA,1595369468
Nioro,19.069852742482425,-8.715690149335387,76.57,91,100,4.25,GM,1595369468
Shache,36.7428032851831,80.7143544448644,76.24,21,100,15.14,CN,1595369468
Atlantic City,38.124041054973276,-73.495133148259,93.0,43,1,6.93,US,1595369186
Ewo,0.11718254212777879,14.93998434520688,76.77,62,0,2.84,CG,1595369469
Raseiniai,55.350232010104406,23.06590479134624,55.4,82,0,8.05,LT,1595369469
Vao,-23.03069096792487,167.08522319796697,68.36,77,65,20.85,NC,1595369469
Keningau,4.674615158903265,116.44674837022797,77.0,94,20,4.7,MY,1595369412
Lucera,41.42350820842856,15.198184646833113,77.0,47,0,4.7,IT,1595369469
Portland,-58.808733052150174,129.02260794402838,90.0,15,0,6.67,US,1595369455
Abu Samrah,24.372343360758805,50.696001785570644,72.14,48,0,10.54,SY,1595369470
Port Hawkesbury,43.67488840475011,-61.48277271159458,78.01,61,1,5.82,CA,1595369173
Hofn,61.78189832362676,-13.316152494809131,52.34,78,100,15.19,IS,1595369470
Deputatskiy,70.03806348756294,139.38828676955796,77.59,44,81,2.35,RU,1595369470
Alenquer,-0.8914627633264445,-54.45280086979422,82.4,78,20,4.7,BR,1595369470
Nishihara,18.135846796516688,134.0958251976616,82.4,83,20,3.51,JP,1595369470
Belmonte,-16.829449526242414,-30.78222336598381,73.4,64,0,3.36,BR,1595369470
Sorland,70.3645086387933,8.534618612753178,52.63,80,97,12.88,NO,1595369470
Saint-Louis,16.867048005988693,-16.490543075257733,86.0,70,58,11.56,SN,1595369471
Vaike-Maarja,59.09490595252959,26.341662623748448,51.94,96,19,7.23,EE,1595369471
Ugoofaaru,5.791166091041575,61.70930386248253,83.75,73,100,18.1,MV,1595369471
Moussoro,14.414466249683073,16.8194462265416,88.25,46,41,5.88,TD,1595369471
Half Moon Bay,30.476301101455817,-134.44182843573276,77.0,77,75,6.93,US,1595369248
Esperance,-43.6598703370975,126.91423017127966,46.4,75,0,18.34,AU,1595369472
Elizabeth City,35.960271659228624,-74.86195033169932,100.0,44,1,16.11,US,1595369438
Sile,41.549971956301135,29.547359224448797,73.0,70,0,8.81,TR,1595369472
Barela,22.933526490624203,80.20917410840087,78.31,82,98,5.03,IN,1595369472
Langsa,5.293321144316025,98.26256862729889,73.22,93,100,2.26,ID,1595369472
Terre Haute,39.501182032474816,-87.36012560044358,88.0,78,1,3.36,US,1595369270
Pastos Bons,-7.007537034205228,-44.01065552060783,79.39,44,0,4.25,BR,1595369472
Brigantine,38.7446054079048,-72.77296254203829,91.4,43,1,6.93,US,1595369319
Tateyama,26.887238959516836,142.28571899621488,78.01,100,94,4.0,JP,1595369473
La Rioja,-29.691077067286102,-66.46484202752012,69.8,88,99,8.05,ES,1595369473
Jumla,31.357172546603593,83.33096624312452,59.2,71,100,0.51,NP,1595369473
Sorong,-0.15102377366294206,130.6485964035743,77.13,87,24,8.1,ID,1595369473
Gberia Fotombu,9.92591062975471,-11.21236240214074,69.75,98,100,6.08,SL,1595369473
Karratha,-17.049633856484718,111.85819507869218,66.07,71,0,5.7,AU,1595369474
Stelle,53.41158758702625,10.180763766401867,53.6,87,0,4.7,DE,1595369474
Mahibadhoo,3.8563196145060203,67.13658784138843,84.09,71,95,14.16,MV,1595369474
Muros,42.831073744355734,-16.291087029193505,66.99,78,0,10.0,ES,1595369474
Aromashevo,56.90137423599285,68.17217603172497,55.35,87,35,4.07,RU,1595369474
Numan,9.567126208763028,11.59299275141663,78.15,77,83,4.88,NG,1595369474
Amga,60.48884007664884,131.5062412556352,59.29,68,99,10.2,RU,1595369474
Oster,51.121306189859695,30.799450073026748,68.0,82,10,11.18,UA,1595369475
Sisimiut,65.90390499658778,-56.090651403765676,56.93,67,100,6.78,GL,1595369475
Arivonimamo,-18.74226307497854,46.933878399642765,50.0,87,75,5.82,MG,1595369475
Chifeng,45.01134223337476,116.62674818181716,69.85,72,25,3.65,CN,1595369475
Santa Maria,17.61274993192177,-22.159563256420313,75.2,64,100,1.12,BR,1595369475
Port Augusta,-31.849935208917003,136.10679088752823,36.0,100,0,5.82,AU,1595369475
Tupik,54.35069681133814,119.75399308790111,51.8,77,50,4.0,RU,1595369475
North Bend,42.74625042092421,-131.34145188644095,75.99,82,90,25.28,US,1595369476
Savinka,49.998142419254066,47.32140047163011,69.37,58,86,7.56,RU,1595369476
Rawlins,42.070736913437514,-106.70239999918132,84.99,17,1,9.17,US,1595369476
Yeniseysk,58.85576008376705,90.61413570301647,54.14,96,100,3.83,RU,1595369476
Nelson Bay,-37.82723941572829,158.798599269467,48.0,93,75,9.17,AU,1595369476
Youghal,51.85709294371503,-7.967164004094968,60.01,82,75,6.93,IE,1595369476
Mujiayingzi,42.11789813047241,118.6712218408847,67.93,69,62,5.12,CN,1595369477
Uvat,59.90358702747034,68.38176092933355,54.12,79,0,3.13,RU,1595369477
Seljord,59.42159165659234,8.867716336077677,51.01,71,0,1.01,NO,1595369477
Meulaboh,0.3174602002085152,93.1214263708892,75.61,89,100,4.52,ID,1595369226
Monte Patria,-31.13308468658061,-70.94009738349766,53.74,65,90,4.97,CL,1595369477
Beringovskiy,57.283025061917044,178.99258864074028,49.1,70,0,5.08,RU,1595369478
Skelleftea,65.06653460444142,19.765430373029773,55.4,82,2,9.17,SE,1595369441
Humboldt,52.23799452521925,-104.99617588644541,71.01,77,20,14.99,US,1595369478
Dresden,42.54673902901391,-82.26168207767545,62.01,51,0,2.24,DE,1595369284
Katangli,51.910067908892955,143.7770195406523,50.88,97,100,13.71,RU,1595369478
Aras,61.1832986252102,2.5078884461842677,69.8,88,65,8.05,ES,1595369478
Ambulu,-13.798162511521923,112.88684620760296,74.03,88,42,2.82,ID,1595369478
Kawhia,-37.827346127835504,174.31641154427928,52.0,94,63,1.99,NZ,1595369478
Oranjemund,-29.653295424363108,13.039592846171416,60.76,51,0,3.62,NA,1595369479
Khani,59.85190841903446,121.4196871915741,71.6,94,90,6.93,GE,1595369479
Voh,-25.17329189777554,161.27498781452874,70.99,51,0,4.14,NC,1595369479
Qurayyat,23.189303213141727,58.828595670603534,82.4,37,0,18.34,SA,1595369479
Dunedin,-59.18147604665877,178.45929294494084,48.0,62,38,5.01,NZ,1595369480
Springbok,-30.68646579633336,16.34958505631502,52.77,40,0,2.42,ZA,1595369480
La Libertad,10.77795580463551,-90.04191318817259,75.2,78,55,9.17,EC,1595369480
Calatayud,41.19238294239622,-1.5689503108015401,75.2,60,79,3.36,ES,1595369480
Kimbe,-4.293517383177743,148.6455098885533,80.29,78,10,5.37,PG,1595369480
Beroroha,-21.737507521098948,44.80509100697944,59.02,73,0,3.24,MG,1595369480
Kolokani,14.251768636801145,-8.372629986549185,81.88,61,13,6.62,ML,1595369481
Mathathane,-22.62422008517649,29.12197967787938,52.02,63,0,6.15,BW,1595369481
Norwich,52.47357538564012,1.0618903217702211,57.2,71,33,2.24,GB,1595369481
Sainte-Rose,-20.833711517718058,56.05690480521025,86.0,58,40,8.05,GP,1595369481
Corning,41.78720238871455,-77.5714033519081,82.4,58,75,5.82,US,1595369303
Lysyanka,49.343624659415696,31.01890673340293,60.93,89,4,10.16,UA,1595369481
Alta Floresta,-11.544377281647769,-56.056980283919486,78.42,32,0,1.77,BR,1595369481
Bagepalli,13.789616870712251,78.02140468162418,73.4,100,20,6.93,IN,1595369482
Khao Yoi,13.321170294290567,99.70358888485367,75.0,82,99,0.47,TH,1595369482
Santiago Del Estero,-27.70664719895278,-64.21008820164822,63.09,55,100,6.26,AR,1595369482
Praia,10.785810687377833,-22.210587342789694,80.6,74,30,10.29,CV,1595369482
Loukhi,65.76217038754203,32.43917859738406,60.57,71,94,4.29,RU,1595369482
Malayal,7.527013221582493,121.31080300923725,75.2,94,20,1.81,PH,1595369482
Charters Towers,-21.650110267609676,145.20573554529773,60.39,83,87,9.06,AU,1595369482
Norheimsund,60.2093799873617,6.027760807443599,51.01,87,20,11.41,NO,1595369482
Dewa,26.94183229623455,81.10654875502348,78.8,88,75,3.33,IN,1595369483
Kanigoro,-9.024847391779787,112.13219980944473,71.19,93,81,3.62,ID,1595369483
Susanville,40.81035507389586,-121.27625095997638,96.8,13,1,6.93,US,1595369369
Comodoro Rivadavia,-44.298843728814134,-68.8664858183818,39.2,86,40,5.82,AR,1595369483
Yaring,7.804955561838327,101.55378850015967,77.45,87,97,4.63,TH,1595369483
Juneau,58.743614144057545,-135.94802441598625,62.6,72,75,4.7,US,1595369287
Saint-Georges,3.5982259863932313,-51.29487216480294,87.8,66,20,11.41,GD,1595369483
Primorsko-Akhtarsk,46.10273670024284,38.19290240740176,71.42,76,0,6.42,RU,1595369484
